[{"bomVersion":"9","productCode":"11006309","productName":"【经典坚果礼】-食食有爱A款1528g","subCode":"11004664","subName":"怪味胡豆 120g(电商专供）","subQuantity":"1.000"},{"bomVersion":"9","productCode":"11006309","productName":"【经典坚果礼】-食食有爱A款1528g","subCode":"11008123","subName":"奶香巴旦木100g(团购专供)","subQuantity":"1.000"},{"bomVersion":"9","productCode":"11006309","productName":"【经典坚果礼】-食食有爱A款1528g","subCode":"11008917","subName":"薄皮核桃200g","subQuantity":"1.000"},{"bomVersion":"9","productCode":"11006309","productName":"【经典坚果礼】-食食有爱A款1528g","subCode":"11008968","subName":"鲜炖银耳羹","subQuantity":"2.000"},{"bomVersion":"9","productCode":"11006309","productName":"【经典坚果礼】-食食有爱A款1528g","subCode":"11009156","subName":"虾条脆脆果(烤肉味)50g","subQuantity":"1.000"},{"bomVersion":"9","productCode":"11006309","productName":"【经典坚果礼】-食食有爱A款1528g","subCode":"11009397","subName":"蟹黄味腰果120g(2022)","subQuantity":"1.000"},{"bomVersion":"9","productCode":"11006309","productName":"【经典坚果礼】-食食有爱A款1528g","subCode":"11009416","subName":"多味花生148g-22年礼盒子件","subQuantity":"1.000"},{"bomVersion":"9","productCode":"11006309","productName":"【经典坚果礼】-食食有爱A款1528g","subCode":"11009428","subName":"兰花豆(牛肉味)180g-22年礼盒子件","subQuantity":"1.000"},{"bomVersion":"9","productCode":"11006309","productName":"【经典坚果礼】-食食有爱A款1528g","subCode":"11009525","subName":"青豌豆(蒜香味)210g","subQuantity":"1.000"},{"bomVersion":"9","productCode":"11006309","productName":"【经典坚果礼】-食食有爱A款1528g","subCode":"80007525","subName":"年货礼盒通用外箱B","subQuantity":"0.250"},{"bomVersion":"9","productCode":"11006309","productName":"【经典坚果礼】-食食有爱A款1528g","subCode":"80011349","subName":"良品金选-经典坚果礼礼盒","subQuantity":"1.000"},{"bomVersion":"1","productCode":"11010645","productName":"公主的心意(TH2)","subCode":"11004815","subName":"南瓜酥（膨化食品）","subQuantity":"1.000"},{"bomVersion":"1","productCode":"11010645","productName":"公主的心意(TH2)","subCode":"11005110","subName":"沙拉薯条45g（电商）","subQuantity":"1.000"},{"bomVersion":"1","productCode":"11010645","productName":"公主的心意(TH2)","subCode":"11006753","subName":"鸡翅尖（奥尔良风味）158g","subQuantity":"1.000"},{"bomVersion":"1","productCode":"11010645","productName":"公主的心意(TH2)","subCode":"11007000","subName":"米酿（百香果味）150g","subQuantity":"1.000"},{"bomVersion":"1","productCode":"11010645","productName":"公主的心意(TH2)","subCode":"11007304","subName":"Q爽豆干（麻辣味）128g","subQuantity":"1.000"},{"bomVersion":"1","productCode":"11010645","productName":"公主的心意(TH2)","subCode":"11007546","subName":"天日盐小圆饼102g","subQuantity":"2.000"},{"bomVersion":"1","productCode":"11010645","productName":"公主的心意(TH2)","subCode":"11007648","subName":"糯米小麻花（原味）160g","subQuantity":"1.000"},{"bomVersion":"1","productCode":"11010645","productName":"公主的心意(TH2)","subCode":"11007910","subName":"新疆免洗枣500g","subQuantity":"1.000"},{"bomVersion":"1","productCode":"11010645","productName":"公主的心意(TH2)","subCode":"11007980","subName":"牛肉味兰花豆120g","subQuantity":"1.000"},{"bomVersion":"1","productCode":"11010645","productName":"公主的心意(TH2)","subCode":"11008130","subName":"高蛋白肉脯(100g)","subQuantity":"2.000"},{"bomVersion":"1","productCode":"11010645","productName":"公主的心意(TH2)","subCode":"11008139","subName":"小鸡腿(鸡翅根)(奥尔良风味)108g","subQuantity":"1.000"},{"bomVersion":"1","productCode":"11010645","productName":"公主的心意(TH2)","subCode":"11008761","subName":"双椒海带85克","subQuantity":"1.000"},{"bomVersion":"1","productCode":"11010645","productName":"公主的心意(TH2)","subCode":"11008792","subName":"鸭脖(甜辣味)128g社交电商专供","subQuantity":"1.000"},{"bomVersion":"1","productCode":"11010645","productName":"公主的心意(TH2)","subCode":"11008968","subName":"鲜炖银耳羹","subQuantity":"1.000"},{"bomVersion":"1","productCode":"11010645","productName":"公主的心意(TH2)","subCode":"11009036","subName":"山楂片100g(礼盒子件专用)","subQuantity":"1.000"},{"bomVersion":"1","productCode":"11010645","productName":"公主的心意(TH2)","subCode":"11009039","subName":"墨鱼片(藤椒味)15g","subQuantity":"1.000"},{"bomVersion":"1","productCode":"11010645","productName":"公主的心意(TH2)","subCode":"11009249","subName":"鱼丸(香辣味)100g","subQuantity":"1.000"},{"bomVersion":"1","productCode":"11010645","productName":"公主的心意(TH2)","subCode":"11009276","subName":"小脆薯片(烧烤味)38g","subQuantity":"1.000"},{"bomVersion":"1","productCode":"11010645","productName":"公主的心意(TH2)","subCode":"11009338","subName":"山珍鱿鱼70g","subQuantity":"1.000"},{"bomVersion":"1","productCode":"11010645","productName":"公主的心意(TH2)","subCode":"11009416","subName":"多味花生148g-22年礼盒子件","subQuantity":"1.000"},{"bomVersion":"1","productCode":"11010645","productName":"公主的心意(TH2)","subCode":"11009538","subName":"小鱼仔(香辣味)80g","subQuantity":"1.000"},{"bomVersion":"1","productCode":"11010645","productName":"公主的心意(TH2)","subCode":"11009820","subName":"手撕肉脯(原味)60g","subQuantity":"1.000"},{"bomVersion":"1","productCode":"11010645","productName":"公主的心意(TH2)","subCode":"11010320","subName":"重庆小面105g","subQuantity":"1.000"},{"bomVersion":"1","productCode":"11010645","productName":"公主的心意(TH2)","subCode":"11010529","subName":"麻辣鸡丝100g","subQuantity":"1.000"},{"bomVersion":"1","productCode":"11010645","productName":"公主的心意(TH2)","subCode":"80011728","subName":"礼包通用外箱C","subQuantity":"0.500"},{"bomVersion":"1","productCode":"11010645","productName":"公主的心意(TH2)","subCode":"80012287","subName":"公主心意大礼包-线上-三边封带单边拉链-2207","subQuantity":"1.000"},{"bomVersion":"2","productCode":"11009460","productName":"【良品大坚果礼盒】 - A1款分量足2353g/14袋","subCode":"11000401","subName":"奶香巴旦木（120g）电商专供新包装","subQuantity":"1.000"},{"bomVersion":"2","productCode":"11009460","productName":"【良品大坚果礼盒】 - A1款分量足2353g/14袋","subCode":"11000403","subName":"奶香夏威夷果（120g）电商专供新包装","subQuantity":"2.000"},{"bomVersion":"2","productCode":"11009460","productName":"【良品大坚果礼盒】 - A1款分量足2353g/14袋","subCode":"11007170","subName":"蟹黄风味豆瓣 210g","subQuantity":"1.000"},{"bomVersion":"2","productCode":"11009460","productName":"【良品大坚果礼盒】 - A1款分量足2353g/14袋","subCode":"11008968","subName":"鲜炖银耳羹","subQuantity":"1.000"},{"bomVersion":"2","productCode":"11009460","productName":"【良品大坚果礼盒】 - A1款分量足2353g/14袋","subCode":"11009392","subName":"开心果98g(2022)","subQuantity":"1.000"},{"bomVersion":"2","productCode":"11009460","productName":"【良品大坚果礼盒】 - A1款分量足2353g/14袋","subCode":"11009398","subName":"蟹黄味腰果160g(2022)","subQuantity":"1.000"},{"bomVersion":"2","productCode":"11009460","productName":"【良品大坚果礼盒】 - A1款分量足2353g/14袋","subCode":"11009401","subName":"奶香核桃160g","subQuantity":"1.000"},{"bomVersion":"2","productCode":"11009460","productName":"【良品大坚果礼盒】 - A1款分量足2353g/14袋","subCode":"11009402","subName":"薄皮核桃180g","subQuantity":"1.000"},{"bomVersion":"2","productCode":"11009460","productName":"【良品大坚果礼盒】 - A1款分量足2353g/14袋","subCode":"11009405","subName":"特好剥碧根果(奶香味)160g","subQuantity":"1.000"},{"bomVersion":"2","productCode":"11009460","productName":"【良品大坚果礼盒】 - A1款分量足2353g/14袋","subCode":"11009417","subName":"多味花生210g-22年礼盒子件","subQuantity":"1.000"},{"bomVersion":"2","productCode":"11009460","productName":"【良品大坚果礼盒】 - A1款分量足2353g/14袋","subCode":"11009419","subName":"兰花豆(牛肉味)205g","subQuantity":"1.000"},{"bomVersion":"2","productCode":"11009460","productName":"【良品大坚果礼盒】 - A1款分量足2353g/14袋","subCode":"11009420","subName":"炒米(蛋黄味)200g","subQuantity":"1.000"},{"bomVersion":"2","productCode":"11009460","productName":"【良品大坚果礼盒】 - A1款分量足2353g/14袋","subCode":"11009525","subName":"青豌豆(蒜香味)210g","subQuantity":"1.000"},{"bomVersion":"2","productCode":"11009460","productName":"【良品大坚果礼盒】 - A1款分量足2353g/14袋","subCode":"80007520","subName":"大坚果礼盒（甄果版）天猫","subQuantity":"1.000"},{"bomVersion":"2","productCode":"11009460","productName":"【良品大坚果礼盒】 - A1款分量足2353g/14袋","subCode":"80007530","subName":"年货礼盒通用外箱D","subQuantity":"0.250"},{"bomVersion":"1","productCode":"11008917","productName":"良品食尚（大红色）（商城专供）","subCode":"11008360","subName":"红玛瑙葡萄干250g(电商)","subQuantity":"1.000"},{"bomVersion":"1","productCode":"11008917","productName":"良品食尚（大红色）（商城专供）","subCode":"11008917","subName":"金凰后葡萄干250g(电商专供）","subQuantity":"1.000"},{"bomVersion":"1","productCode":"11008917","productName":"良品食尚（大红色）（商城专供）","subCode":"80007632","subName":"黑加仑葡萄干250g(电商专供）","subQuantity":"1.000"},{"bomVersion":"1","productCode":"11008917","productName":"良品食尚（大红色）（商城专供）","subCode":"80012269","subName":"精装无核白葡萄干（250g）（电商专供）","subQuantity":"1.000"}]