[{"lineNo":"102","manHour":8,"productCode":"11001267","repackagingAbility":3000,"warehouse":"D332"},{"lineNo":"102","manHour":8,"productCode":"11000805","repackagingAbility":100,"warehouse":"D332"},{"lineNo":"102","manHour":8,"productCode":"11010645","repackagingAbility":3000,"warehouse":"D332"},{"lineNo":"101","manHour":8,"productCode":"11010645","repackagingAbility":3000,"warehouse":"D303"},{"lineNo":"101","manHour":8,"productCode":"11010645","repackagingAbility":3000,"warehouse":"D332"},{"lineNo":"101","manHour":8,"productCode":"11008917","repackagingAbility":300,"warehouse":"D303"},{"lineNo":"101","manHour":8,"productCode":"11008917","repackagingAbility":300,"warehouse":"D332"},{"lineNo":"101","manHour":8,"productCode":"11006309","repackagingAbility":100,"warehouse":"D303"},{"lineNo":"101","manHour":8,"productCode":"11006309","repackagingAbility":100,"warehouse":"D332"},{"lineNo":"101","manHour":8,"productCode":"11009460","repackagingAbility":100,"warehouse":"D303"},{"lineNo":"101","manHour":8,"productCode":"11009460","repackagingAbility":100,"warehouse":"D332"}]