{"packingPlanInfo":[{"bomVersion":"2","bu":"20","coverageWeekNum":5,"demandCommitDate":"2022-08-22","lockIdentifier":"","packingPlanId":"10000001","packingPlanSerialNum":1,"packingPlanVersion":"","packingPlanWeekNum":"2022-09-18","planPackingQuantity":900,"productCode":"11009460","requireOutWeek":"2022-09-25","specifyScheduleIdentifier":"","subChannel":"2003","warehouse":"D303"},{"bomVersion":"2","bu":"20","coverageWeekNum":5,"demandCommitDate":"","lockIdentifier":"","packingPlanId":"10000002","packingPlanSerialNum":1,"packingPlanVersion":"","packingPlanWeekNum":"2022-09-25","planPackingQuantity":300,"productCode":"11009460","requireOutWeek":"2022-10-02","specifyScheduleIdentifier":"","subChannel":"2003","warehouse":"D303"},{"bomVersion":"2","bu":"20","coverageWeekNum":5,"demandCommitDate":"","lockIdentifier":"","packingPlanId":"10000003","packingPlanSerialNum":1,"packingPlanVersion":"","packingPlanWeekNum":"2022-10-02","planPackingQuantity":100,"productCode":"11009460","requireOutWeek":"2022-10-09","specifyScheduleIdentifier":"","subChannel":"2003","warehouse":"D303"},{"bomVersion":"2","bu":"20","coverageWeekNum":5,"demandCommitDate":"","lockIdentifier":"","packingPlanId":"10000004","packingPlanSerialNum":1,"packingPlanVersion":"","packingPlanWeekNum":"2022-10-09","planPackingQuantity":200,"productCode":"11009460","requireOutWeek":"2022-10-16","specifyScheduleIdentifier":"","subChannel":"2003","warehouse":"D303"},{"bomVersion":"2","bu":"20","coverageWeekNum":5,"demandCommitDate":"","lockIdentifier":"","packingPlanId":"10000005","packingPlanSerialNum":1,"packingPlanVersion":"","packingPlanWeekNum":"2022-10-16","planPackingQuantity":300,"productCode":"11009460","requireOutWeek":"2022-10-23","specifyScheduleIdentifier":"","subChannel":"2003","warehouse":"D303"},{"bomVersion":"2","bu":"20","coverageWeekNum":5,"demandCommitDate":"","lockIdentifier":"","packingPlanId":"10000006","packingPlanSerialNum":1,"packingPlanVersion":"","packingPlanWeekNum":"2022-10-23","planPackingQuantity":400,"productCode":"11009460","requireOutWeek":"2022-10-30","specifyScheduleIdentifier":"","subChannel":"2003","warehouse":"D303"},{"bomVersion":"2","bu":"20","coverageWeekNum":5,"demandCommitDate":"","lockIdentifier":"","packingPlanId":"10000007","packingPlanSerialNum":1,"packingPlanVersion":"","packingPlanWeekNum":"2022-10-30","planPackingQuantity":500,"productCode":"11009460","requireOutWeek":"2022-11-06","specifyScheduleIdentifier":"","subChannel":"2003","warehouse":"D303"},{"bomVersion":"2","bu":"20","coverageWeekNum":5,"demandCommitDate":"","lockIdentifier":"","packingPlanId":"10000008","packingPlanSerialNum":1,"packingPlanVersion":"","packingPlanWeekNum":"2022-11-06","planPackingQuantity":600,"productCode":"11009460","requireOutWeek":"2022-11-13","specifyScheduleIdentifier":"","subChannel":"2003","warehouse":"D303"},{"bomVersion":"2","bu":"20","coverageWeekNum":5,"demandCommitDate":"","lockIdentifier":"","packingPlanId":"10000009","packingPlanSerialNum":1,"packingPlanVersion":"","packingPlanWeekNum":"2022-11-13","planPackingQuantity":700,"productCode":"11009460","requireOutWeek":"2022-11-20","specifyScheduleIdentifier":"","subChannel":"2003","warehouse":"D303"},{"bomVersion":"2","bu":"30","coverageWeekNum":5,"demandCommitDate":"2022-08-22","lockIdentifier":"","packingPlanId":"10000010","packingPlanSerialNum":1,"packingPlanVersion":"","packingPlanWeekNum":"2022-09-18","planPackingQuantity":900,"productCode":"11009460","requireOutWeek":"2022-09-25","specifyScheduleIdentifier":"","subChannel":"3001","warehouse":"D303"},{"bomVersion":"2","bu":"30","coverageWeekNum":5,"demandCommitDate":"","lockIdentifier":"","packingPlanId":"10000011","packingPlanSerialNum":1,"packingPlanVersion":"","packingPlanWeekNum":"2022-09-25","planPackingQuantity":300,"productCode":"11009460","requireOutWeek":"2022-10-02","specifyScheduleIdentifier":"","subChannel":"3001","warehouse":"D303"},{"bomVersion":"2","bu":"30","coverageWeekNum":5,"demandCommitDate":"","lockIdentifier":"","packingPlanId":"10000012","packingPlanSerialNum":1,"packingPlanVersion":"","packingPlanWeekNum":"2022-10-02","planPackingQuantity":100,"productCode":"11009460","requireOutWeek":"2022-10-09","specifyScheduleIdentifier":"","subChannel":"3001","warehouse":"D303"},{"bomVersion":"2","bu":"30","coverageWeekNum":5,"demandCommitDate":"","lockIdentifier":"","packingPlanId":"10000013","packingPlanSerialNum":1,"packingPlanVersion":"","packingPlanWeekNum":"2022-10-09","planPackingQuantity":200,"productCode":"11009460","requireOutWeek":"2022-10-16","specifyScheduleIdentifier":"","subChannel":"3001","warehouse":"D303"},{"bomVersion":"2","bu":"30","coverageWeekNum":5,"demandCommitDate":"","lockIdentifier":"","packingPlanId":"10000014","packingPlanSerialNum":1,"packingPlanVersion":"","packingPlanWeekNum":"2022-10-16","planPackingQuantity":300,"productCode":"11009460","requireOutWeek":"2022-10-23","specifyScheduleIdentifier":"","subChannel":"3001","warehouse":"D303"},{"bomVersion":"2","bu":"30","coverageWeekNum":5,"demandCommitDate":"","lockIdentifier":"","packingPlanId":"10000015","packingPlanSerialNum":1,"packingPlanVersion":"","packingPlanWeekNum":"2022-10-23","planPackingQuantity":400,"productCode":"11009460","requireOutWeek":"2022-10-30","specifyScheduleIdentifier":"","subChannel":"3001","warehouse":"D303"},{"bomVersion":"2","bu":"30","coverageWeekNum":5,"demandCommitDate":"","lockIdentifier":"","packingPlanId":"10000016","packingPlanSerialNum":1,"packingPlanVersion":"","packingPlanWeekNum":"2022-10-30","planPackingQuantity":500,"productCode":"11009460","requireOutWeek":"2022-11-06","specifyScheduleIdentifier":"","subChannel":"3001","warehouse":"D303"},{"bomVersion":"2","bu":"30","coverageWeekNum":5,"demandCommitDate":"","lockIdentifier":"","packingPlanId":"10000017","packingPlanSerialNum":1,"packingPlanVersion":"","packingPlanWeekNum":"2022-11-06","planPackingQuantity":600,"productCode":"11009460","requireOutWeek":"2022-11-13","specifyScheduleIdentifier":"","subChannel":"3001","warehouse":"D303"},{"bomVersion":"2","bu":"30","coverageWeekNum":5,"demandCommitDate":"","lockIdentifier":"","packingPlanId":"10000018","packingPlanSerialNum":1,"packingPlanVersion":"","packingPlanWeekNum":"2022-11-13","planPackingQuantity":700,"productCode":"11009460","requireOutWeek":"2022-11-20","specifyScheduleIdentifier":"","subChannel":"3001","warehouse":"D303"}],"requestId":1661586384723,"subSupplyPlanInfo":[{"appropriationPlanNum":null,"backToCargoPlanNum":900,"category":"10","currentStock":null,"factoryCode":"D303","packingPlanVersion":null,"planSupplyDate":"2022-09-11","subCode":"11000401","subDemandPlanVersion":"","subName":"奶香巴旦木（120g）电商专供新包装"},{"appropriationPlanNum":null,"backToCargoPlanNum":1800,"category":"10","currentStock":null,"factoryCode":"D303","packingPlanVersion":null,"planSupplyDate":"2022-09-11","subCode":"11000403","subDemandPlanVersion":"","subName":"奶香夏威夷果（120g）电商专供新包装"},{"appropriationPlanNum":null,"backToCargoPlanNum":900,"category":"11","currentStock":null,"factoryCode":"D303","packingPlanVersion":null,"planSupplyDate":"2022-09-11","subCode":"11007170","subDemandPlanVersion":"","subName":"蟹黄风味豆瓣 210g"},{"appropriationPlanNum":null,"backToCargoPlanNum":900,"category":"19","currentStock":null,"factoryCode":"D303","packingPlanVersion":null,"planSupplyDate":"2022-09-11","subCode":"11008968","subDemandPlanVersion":"","subName":"鲜炖银耳羹"},{"appropriationPlanNum":null,"backToCargoPlanNum":900,"category":"10","currentStock":null,"factoryCode":"D303","packingPlanVersion":null,"planSupplyDate":"2022-09-11","subCode":"11009392","subDemandPlanVersion":"","subName":"开心果98g(2022)"},{"appropriationPlanNum":null,"backToCargoPlanNum":900,"category":"10","currentStock":null,"factoryCode":"D303","packingPlanVersion":null,"planSupplyDate":"2022-09-11","subCode":"11009398","subDemandPlanVersion":"","subName":"蟹黄味腰果160g(2022)"},{"appropriationPlanNum":null,"backToCargoPlanNum":900,"category":"10","currentStock":null,"factoryCode":"D303","packingPlanVersion":null,"planSupplyDate":"2022-09-11","subCode":"11009401","subDemandPlanVersion":"","subName":"奶香核桃160g"},{"appropriationPlanNum":null,"backToCargoPlanNum":900,"category":"10","currentStock":null,"factoryCode":"D303","packingPlanVersion":null,"planSupplyDate":"2022-09-11","subCode":"11009402","subDemandPlanVersion":"","subName":"薄皮核桃180g"},{"appropriationPlanNum":null,"backToCargoPlanNum":900,"category":"10","currentStock":null,"factoryCode":"D303","packingPlanVersion":null,"planSupplyDate":"2022-09-11","subCode":"11009405","subDemandPlanVersion":"","subName":"特好剥碧根果(奶香味)160g"},{"appropriationPlanNum":null,"backToCargoPlanNum":900,"category":"11","currentStock":null,"factoryCode":"D303","packingPlanVersion":null,"planSupplyDate":"2022-09-11","subCode":"11009417","subDemandPlanVersion":"","subName":"多味花生210g-22年礼盒子件"},{"appropriationPlanNum":null,"backToCargoPlanNum":900,"category":"11","currentStock":null,"factoryCode":"D303","packingPlanVersion":null,"planSupplyDate":"2022-09-11","subCode":"11009419","subDemandPlanVersion":"","subName":"兰花豆(牛肉味)205g"},{"appropriationPlanNum":null,"backToCargoPlanNum":900,"category":"11","currentStock":null,"factoryCode":"D303","packingPlanVersion":null,"planSupplyDate":"2022-09-11","subCode":"11009420","subDemandPlanVersion":"","subName":"炒米(蛋黄味)200g"},{"appropriationPlanNum":null,"backToCargoPlanNum":900,"category":"11","currentStock":null,"factoryCode":"D303","packingPlanVersion":null,"planSupplyDate":"2022-09-11","subCode":"11009525","subDemandPlanVersion":"","subName":"青豌豆(蒜香味)210g"},{"appropriationPlanNum":null,"backToCargoPlanNum":900,"category":"87","currentStock":null,"factoryCode":"D303","packingPlanVersion":null,"planSupplyDate":"2022-09-11","subCode":"80007520","subDemandPlanVersion":"","subName":"大坚果礼盒（甄果版）天猫"},{"appropriationPlanNum":null,"backToCargoPlanNum":225,"category":"87","currentStock":null,"factoryCode":"D303","packingPlanVersion":null,"planSupplyDate":"2022-09-11","subCode":"80007530","subDemandPlanVersion":"","subName":"年货礼盒通用外箱D"},{"appropriationPlanNum":null,"backToCargoPlanNum":900,"category":"10","currentStock":null,"factoryCode":"D303","packingPlanVersion":null,"planSupplyDate":"2022-09-11","subCode":"11000401","subDemandPlanVersion":"","subName":"奶香巴旦木（120g）电商专供新包装"},{"appropriationPlanNum":null,"backToCargoPlanNum":1800,"category":"10","currentStock":null,"factoryCode":"D303","packingPlanVersion":null,"planSupplyDate":"2022-09-11","subCode":"11000403","subDemandPlanVersion":"","subName":"奶香夏威夷果（120g）电商专供新包装"},{"appropriationPlanNum":null,"backToCargoPlanNum":900,"category":"11","currentStock":null,"factoryCode":"D303","packingPlanVersion":null,"planSupplyDate":"2022-09-11","subCode":"11007170","subDemandPlanVersion":"","subName":"蟹黄风味豆瓣 210g"},{"appropriationPlanNum":null,"backToCargoPlanNum":900,"category":"19","currentStock":null,"factoryCode":"D303","packingPlanVersion":null,"planSupplyDate":"2022-09-11","subCode":"11008968","subDemandPlanVersion":"","subName":"鲜炖银耳羹"},{"appropriationPlanNum":null,"backToCargoPlanNum":900,"category":"10","currentStock":null,"factoryCode":"D303","packingPlanVersion":null,"planSupplyDate":"2022-09-11","subCode":"11009392","subDemandPlanVersion":"","subName":"开心果98g(2022)"},{"appropriationPlanNum":null,"backToCargoPlanNum":900,"category":"10","currentStock":null,"factoryCode":"D303","packingPlanVersion":null,"planSupplyDate":"2022-09-11","subCode":"11009398","subDemandPlanVersion":"","subName":"蟹黄味腰果160g(2022)"},{"appropriationPlanNum":null,"backToCargoPlanNum":900,"category":"10","currentStock":null,"factoryCode":"D303","packingPlanVersion":null,"planSupplyDate":"2022-09-11","subCode":"11009401","subDemandPlanVersion":"","subName":"奶香核桃160g"},{"appropriationPlanNum":null,"backToCargoPlanNum":900,"category":"10","currentStock":null,"factoryCode":"D303","packingPlanVersion":null,"planSupplyDate":"2022-09-11","subCode":"11009402","subDemandPlanVersion":"","subName":"薄皮核桃180g"},{"appropriationPlanNum":null,"backToCargoPlanNum":900,"category":"10","currentStock":null,"factoryCode":"D303","packingPlanVersion":null,"planSupplyDate":"2022-09-11","subCode":"11009405","subDemandPlanVersion":"","subName":"特好剥碧根果(奶香味)160g"},{"appropriationPlanNum":null,"backToCargoPlanNum":900,"category":"11","currentStock":null,"factoryCode":"D303","packingPlanVersion":null,"planSupplyDate":"2022-09-11","subCode":"11009417","subDemandPlanVersion":"","subName":"多味花生210g-22年礼盒子件"},{"appropriationPlanNum":null,"backToCargoPlanNum":900,"category":"11","currentStock":null,"factoryCode":"D303","packingPlanVersion":null,"planSupplyDate":"2022-09-11","subCode":"11009419","subDemandPlanVersion":"","subName":"兰花豆(牛肉味)205g"},{"appropriationPlanNum":null,"backToCargoPlanNum":900,"category":"11","currentStock":null,"factoryCode":"D303","packingPlanVersion":null,"planSupplyDate":"2022-09-11","subCode":"11009420","subDemandPlanVersion":"","subName":"炒米(蛋黄味)200g"},{"appropriationPlanNum":null,"backToCargoPlanNum":900,"category":"11","currentStock":null,"factoryCode":"D303","packingPlanVersion":null,"planSupplyDate":"2022-09-11","subCode":"11009525","subDemandPlanVersion":"","subName":"青豌豆(蒜香味)210g"},{"appropriationPlanNum":null,"backToCargoPlanNum":900,"category":"87","currentStock":null,"factoryCode":"D303","packingPlanVersion":null,"planSupplyDate":"2022-09-11","subCode":"80007520","subDemandPlanVersion":"","subName":"大坚果礼盒（甄果版）天猫"},{"appropriationPlanNum":null,"backToCargoPlanNum":225,"category":"87","currentStock":null,"factoryCode":"D303","packingPlanVersion":null,"planSupplyDate":"2022-09-11","subCode":"80007530","subDemandPlanVersion":"","subName":"年货礼盒通用外箱D"}],"targetFunctionInfo":{"maximumNumberOfGiftBoxes":0.0,"minimumStockOut":100.0,"optimalComponentConsumption":0.0}}